"Site_Name","NumQuad","AllCount_Mean","PSE_all","LiveCount_Mean","PSE_live","BoxCount_Mean","PSE_box","GaperCount_Mean","PSE_gaper","PercentComplete_Quad"
"Ash Creek",12,65.75,30.9681400427796,45.1666666666667,31.0882249281816,20.25,31.6561325458797,0.333333333333333,67.4199862463242,100
"Fence Creek",12,108.5,17.875051270275,82.75,17.8167027784864,24.8333333333333,20.7106822117067,0.916666666666667,36.6722441856757,100
