"type","threshold","numberFound","avgDurMinutes","avgAvgDO"
"Severe",0.99,0,NA,NA
"Moderately Severe",1.99,11,135.454545453932,1.7874551478973
"Moderate",2.99,36,200.571428572458,2.46421076602977
"Marginal",3.49,43,290.952380951704,2.83235199190261
"Sub-Optimal",4.79,48,480.000000000246,3.50646536288758
