"type","threshold","numberFound","avgDurMinutes","avgAvgDO"
"Severe",0.99,0,NA,NA
"Moderately Severe",1.99,0,NA,NA
"Moderate",2.99,9,106.666666667189,2.70799369529421
"Marginal",3.49,22,141.818181818495,3.0656903541638
"Sub-Optimal",4.79,53,243.461538461443,3.96932991624822
