"Site_Name","N","BedHeight_cm","sd","se","ci"
"Ash Creek",6,57.25,7.38748942469632,3.01592992845214,7.752694691631
"Fence Creek",9,87.7777777777778,22.8884674988179,7.62948916627264,17.5936335669201
