"Site_Name","N","AllCount_Mean","LiveCount_Mean","BoxCount_Mean","GaperCount_Mean"
"Ash Creek",12,65.75,45.1666666666667,20.25,0.333333333333333
"Fence Creek",12,108.5,82.75,24.8333333333333,0.916666666666667
