"Site_Name","N","Rugosity","sd","se","ci"
"Ash Creek",15,0.588646288209607,0.166348363622417,0.042950962798565,0.0921206532436151
"Fence Creek",12,0.563136826783115,0.108846117831833,0.0314211677152273,0.0691575238539657
